codigo,latitude,longitude,updated_at
CA-ARU-0207-A3,-28.9504114716369,-49.5231021771715,2026-08-29T20:00:00Z
CA-ARU-0057-A3,-28.929248,-49.478942,2026-08-29T20:00:00Z
CA-ARU-0054-A4,-28.935475,-49.481036,2026-08-29T20:00:00Z
CA-ARU-0298-A2,-28.937592,-49.452596,2026-08-29T20:00:00Z
CA-ARU-0271-A3,-28.952733,-49.487016,2026-08-29T20:00:00Z
CA-COCL-0043-A7,-28.59394,-49.330229,2026-08-29T20:00:00Z
CA-CUA-0320-A2,-28.636103,-49.340163,2026-08-29T20:00:00Z
CA-CUA-0311-A7,-28.650487,-49.349691,2026-08-29T20:00:00Z
CA-COCL-0043-B3,-28.650487,-49.349691,2026-08-29T20:00:00Z
CA-COCL-0009-A3,-28.650487,-49.349691,2026-08-29T20:00:00Z
CA-COCL-0009-A4,-28.590687,-49.330875,2026-08-29T20:00:00Z
CA-COCL-0001-B7,-28.626346,-49.337784,2026-08-29T20:00:00Z
CA-COCL-0090-A9,-28.588273,-49.355422,2026-08-29T20:00:00Z
CA-COCL-0094-A5,-28.570441,-49.349107,2026-08-29T20:00:00Z
CA-COCL-0094-A9,-28.56869,-49.358326,2026-08-29T20:00:00Z
CA-COLC-0098-A6,-28.6075,-49.326009,2026-08-29T20:00:00Z
CA-COCL-0156,-28.595649,-49.31969,2026-08-29T20:00:00Z
CA-COCL-0442,-28.602454,-49.335205,2026-08-29T20:00:00Z
CA-COCL-0267,-28.587871,-49.319646,2026-08-29T20:00:00Z
CA-CUA-0293-B1,-28.665274,-49.378291,2026-08-29T20:00:00Z
CA-CUA-0324-A11,-28.680652,-49.38017,2026-08-29T20:00:00Z
CA-CUA-0324-A9,-28.679922,-49.381553,2026-08-29T20:00:00Z
CA-CUA-0324-A1,-28.672883,-49.386334,2026-08-29T20:00:00Z
CA-CUA-0324-A11,-28.680652,-49.38017,2026-08-29T20:00:00Z
CA-CUA-0403-A1,-28.687034,-49.405212,2026-08-29T20:00:00Z
CA-CUA-0337-A6,-28.664547,-49.399653,2026-08-29T20:00:00Z
CA-CUA-0338-A3,-28.666719,-49.402525,2026-08-29T20:00:00Z
CA-CUA-1210-A2,-28.66747593,-49.43394381,2026-08-29T20:00:00Z
CA-CUA-1199-A2,-28.64896,-49.441124,2026-08-29T20:00:00Z
CA-CUA-1530-A6,-28.692031,-49.411043,2026-08-29T20:00:00Z
CA-CUA-1530-A1,-28.691319,-49.410331,2026-08-29T20:00:00Z
CA-CUA-0392-A4,-28.691609,-49.419343,2026-08-29T20:00:00Z
CA-CUA-0347-A4,-28.669076,-49.426259,2026-08-29T20:00:00Z
CA-CUA-0347-A4,-28.669076,-49.426259,2026-08-29T20:00:00Z
CA-CUA-0345-A6,-28.678962,-49.417954,2026-08-29T20:00:00Z
CA-CUA-0367-A6,-28.661361,-49.414858,2026-08-29T20:00:00Z
CA-CUA-0394-A8,-28.687381,-49.417902,2026-08-29T20:00:00Z
CA-CUA-0371-A3,-28.652306,-49.425807,2026-08-29T20:00:00Z
CA-CUA-0371-A1,-28.652978,-49.423285,2026-08-29T20:00:00Z
CA-CUA-0361-A5,-28.657123,-49.424027,2026-08-29T20:00:00Z
CA-CUA-0228-A4,-28.699555,-49.389194,2026-08-29T20:00:00Z
CA-CUA-1361-A3,-28.705385,-49.378399,2026-08-29T20:00:00Z
CA-CUA-1498-A2,-28.689423,-49.367183,2026-08-29T20:00:00Z
CA-CUA-0252-A3,-28.694637,-49.378628,2026-08-29T20:00:00Z
CA-CUA-0241-A1,-28.697778,-49.380034,2026-08-29T20:00:00Z
CA-CUA-0175-A7,-28.683661,-49.364643,2026-08-29T20:00:00Z
CA-CUA-0253-B4,-28.693096,-49.366725,2026-08-29T20:00:00Z
CA-CUA-0253-B4,-28.693096,-49.366725,2026-08-29T20:00:00Z
CA-CUA-0234-A8,-28.694127,-49.394684,2026-08-29T20:00:00Z
CA-CUA-1495-A7,-28.684908,-49.369897,2026-08-29T20:00:00Z
CA-CUA-1467-A3,-28.678224,-49.366096,2026-08-29T20:00:00Z
CA-CUA-1531-A1,-28.70217,-49.354495,2026-08-29T20:00:00Z
CA-CUA-1440-A8,-28.701774,-49.347301,2026-08-29T20:00:00Z
CA-CUA-0424-A3,-28.695516,-49.432339,2026-08-29T20:00:00Z
CA-CUA-0426-A4,-28.69854,-49.43733,2026-08-29T20:00:00Z
CA-CUA-0431-A4,-28.700754,-49.446898,2026-08-29T20:00:00Z
CA-CUA-0429-A8,-28.70224,-49.442858,2026-08-29T20:00:00Z
CA-CUA-0435-A3,-28.70367,-49.461481,2026-08-29T20:00:00Z
CA-CUA-0412-A2,-28.702141,-49.423603,2026-08-29T20:00:00Z
CA-LML-0030-A1,-28.39430663,-49.39147312,2026-08-29T20:00:00Z
CA-LML-0126-A4,-28.44815479,-49.39172095,2026-08-29T20:00:00Z
CA-LML-0035-A5,-28.392862,-49.405695,2026-08-29T20:00:00Z
CA-LML-0079-A5,-28.42423413,-49.44227245,2026-08-29T20:00:00Z
CA-LML-0017-A3,-28.39124445,-49.39444115,2026-08-29T20:00:00Z
CA-LML-0070-A4,-28.381355,-49.361255,2026-08-29T20:00:00Z
CA-OLS-0199,-28.386982,-49.311625,2026-08-29T20:00:00Z
CA-OLS-0203,-28.386255,-49.289355,2026-08-29T20:00:00Z
CA-OLS-0137,-28.3751517,-49.32868123,2026-08-29T20:00:00Z
CA-LML-0075-A4,-28.426026,-49.386218,2026-08-29T20:00:00Z
CA-LML-0023-B2,-28.391034,-49.400281,2026-08-29T20:00:00Z
CA-LML-0028-A4,-28.38547335,-49.38920206,2026-08-29T20:00:00Z
CA-LML-0028-A5,-28.38605189,-49.39035137,2026-08-29T20:00:00Z
CA-LML-0066-A7,-28.41386336,-49.41158919,2026-08-29T20:00:00Z
CA-LML-0066-A6,-28.41467387,-49.41417545,2026-08-29T20:00:00Z
CA-LML-0066-A6,-28.41467387,-49.41417545,2026-08-29T20:00:00Z
CA-LML-0066-A6,-28.41467387,-49.41417545,2026-08-29T20:00:00Z
CA-LML-0038-A8,-28.403708,-49.401415,2026-08-29T20:00:00Z
CA-LML-0047-B7,-28.384976,-49.439212,2026-08-29T20:00:00Z
CA-LML-0093,-28.38688181,-49.47153916,2026-08-29T20:00:00Z
CA-LML-0054-A7,-28.376479,-49.444752,2026-08-29T20:00:00Z
CA-LML-0008-B4,-28.3933916,-49.39391788,2026-08-29T20:00:00Z
CA-LML-0012-A1,-28.39118625,-49.39188,2026-08-29T20:00:00Z
CA-MFU-0007-A8,-28.664273,-49.210963,2026-08-29T20:00:00Z
CA-MFU-0027-A5,-28.66786,-49.207876,2026-08-29T20:00:00Z
CA-MFU-0068-A2,-28.648174,-49.192624,2026-08-29T20:00:00Z
CA-MFU-0013-A1,-28.658268,-49.2071,2026-08-29T20:00:00Z
CA-MFU-0019-A4,-28.643141,-49.202878,2026-08-29T20:00:00Z
CA-MFU-0002-A1,-28.656143,-49.214418,2026-08-29T20:00:00Z
CA-MFU-0004-A6,-28.660278,-49.212294,2026-08-29T20:00:00Z
CA-MFU-0011-A7,-28.6546,-49.21074,2026-08-29T20:00:00Z
CA-MFU-0019-B3,-28.648176,-49.20537,2026-08-29T20:00:00Z
CA-MFU-0018-A2,-28.649214,-49.2082,2026-08-29T20:00:00Z
CA-MFU-0008-A6,-28.652861,-49.213389,2026-08-29T20:00:00Z
CA-SIE-0022-A1,-28.630854,-49.484392,2026-08-29T20:00:00Z
CA-NZA-0002-A5,-28.643887,-49.50264,2026-08-29T20:00:00Z
CA-NZA-0006-A1,-28.637052,-49.505521,2026-08-29T20:00:00Z
CA-NZA-0080-A1,-28.631857,-49.503139,2026-08-29T20:00:00Z
CA-NZA-0076-A1,-28.63632927,-49.49934027,2026-08-29T20:00:00Z
CA-NZA-0069-A8,-28.641598,-49.502531,2026-08-29T20:00:00Z
CA-NZA-0068-A8,-28.63905594,-49.50145203,2026-08-29T20:00:00Z
CA-NZA-0029-A3,-28.674197,-49.468663,2026-08-29T20:00:00Z
CA-CUA-0363-A1,-28.652202,-49.441093,2026-08-29T20:00:00Z
CA-CUA-1199-A1,-28.651,-49.441188,2026-08-29T20:00:00Z
CA-CUA-0357-A4,-28.659921,-49.441921,2026-08-29T20:00:00Z
CA-NZA-0031-A6,-28.653105,-49.469146,2026-08-29T20:00:00Z
CA-NZA-0020-A4,-28.70944,-49.494442,2026-08-29T20:00:00Z
CA-OLS-0128-A8,-28.349641,-49.258419,2026-08-29T20:00:00Z
CA-OLS-0074-A3,-28.363237,-49.284088,2026-08-29T20:00:00Z
CA-OLS-0116-A7,-28.358877,-49.287291,2026-08-29T20:00:00Z
CA-OLS-0116-A3,-28.358514,-49.284419,2026-08-29T20:00:00Z
CA-OLS-0116-A6,-28.358177,-49.286569,2026-08-29T20:00:00Z
CA-OLS-0010-A5,-28.310024,-49.36453,2026-08-29T20:00:00Z
CA-OLS-0010-A10,-28.291314,-49.367167,2026-08-29T20:00:00Z
CA-OLS-0010-A5,-28.310024,-49.36453,2026-08-29T20:00:00Z
CA-OLS-0010-A7,-28.296809,-49.363812,2026-08-29T20:00:00Z
CA-OLS-0010-A3,-28.323116,-49.360007,2026-08-29T20:00:00Z
CA-OLS-0010-A9,-28.306713,-49.360327,2026-08-29T20:00:00Z
CA-OLS-0011-A8,-28.25239417,-49.39070785,2026-08-29T20:00:00Z
CA-OLS-0009-B1,-28.329362,-49.317699,2026-08-29T20:00:00Z
CA-OLS-0009-B4,-28.315206,-49.32286,2026-08-29T20:00:00Z
CA-OLS-0025-A7-A5,-28.22063458,-49.37605821,2026-08-29T20:00:00Z
CA-OLS-0025-A7-A5,-28.22063458,-49.37605821,2026-08-29T20:00:00Z
CA-OLS-0025-A2-A8,-28.232166,-49.378998,2026-08-29T20:00:00Z
CA-OLS-0025-A2-A8,-28.232166,-49.378998,2026-08-29T20:00:00Z
CA-PDRO-0107-A1,-28.819981,-49.223237,2026-08-29T20:00:00Z
CA-PDRO-0107-A1,-28.819981,-49.223237,2026-08-29T20:00:00Z
CA-PDRO-0011-A4,-28.850415,-49.304299,2026-08-29T20:00:00Z
CA-PDRO-0011-A10,-28.870369,-49.30629,2026-08-29T20:00:00Z
CA-PDRO-0011-A5,-28.852132,-49.305708,2026-08-29T20:00:00Z
CA-PDRO-0011-A7,-28.854893,-49.307947,2026-08-29T20:00:00Z
CA-PDRO-0072-A8,-28.877673,-49.290648,2026-08-29T20:00:00Z
CA-PDRO-0063-A3,-28.846515,-49.255922,2026-08-29T20:00:00Z
CA-PDRO-0063-A2,-28.846108,-49.256345,2026-08-29T20:00:00Z
CA-PDRO-0067-A7,-28.853462,-49.26305,2026-08-29T20:00:00Z
CA-YCA-0166-A1,-28.76119,-49.258301,2026-08-29T20:00:00Z
CA-YCA-0166-A3,-28.758049,-49.248344,2026-08-29T20:00:00Z
CA-PDRO-0057-A4,-28.84101,-49.246176,2026-08-29T20:00:00Z
CA-PDRO-0080-A8,-28.809084,-49.224117,2026-08-29T20:00:00Z
CA-YCA-0158-A4,-28.78674,-49.249117,2026-08-29T20:00:00Z
CA-PDRO-0071-A5,-28.873918,-49.289249,2026-08-29T20:00:00Z
CA-PDRO-0093-A2,-28.829618,-49.236976,2026-08-29T20:00:00Z
CA-PDRO-0093-A4,-28.829748,-49.23894,2026-08-29T20:00:00Z
CA-PDRO-0054-A2,-28.839854,-49.240911,2026-08-29T20:00:00Z
CA-YCA-0153-A1,-28.760739,-49.267044,2026-08-29T20:00:00Z
CA-PDRO-0115-A5,-28.827076,-49.237487,2026-08-29T20:00:00Z
CA-PDRO-0222-A2,-28.810108,-49.233235,2026-08-29T20:00:00Z
CA-PDRO-0213-A6,-28.831598,-49.244311,2026-08-29T20:00:00Z
CA-PDRO-0203-A3,-28.8503,-49.253396,2026-08-29T20:00:00Z
CA-PDRO-0056-B4,-28.837977,-49.245722,2026-08-29T20:00:00Z
CA-PDRO-0069-B6,-28.846454,-49.28558,2026-08-29T20:00:00Z
CA-PDRO-0068-D,-28.834185,-49.274488,2026-08-29T20:00:00Z
CA-YCA-0152-A7,-28.761166,-49.274628,2026-08-29T20:00:00Z
CA-YCA-0152-A3,-28.760492,-49.271519,2026-08-29T20:00:00Z
CA-YCA-0194-A8,-28.76466,-49.276653,2026-08-29T20:00:00Z
CA-YCA-0133-A7,-28.759155,-49.278309,2026-08-29T20:00:00Z
CA-YCA-0133-A7,-28.759155,-49.278309,2026-08-29T20:00:00Z
CA-YCA-0127-A1,-28.760999,-49.29012,2026-08-29T20:00:00Z
CA-SIE-0012-A7,-28.594567,-49.422951,2026-08-29T20:00:00Z
CA-SIE-0012-A2,-28.595803,-49.420244,2026-08-29T20:00:00Z
CA-SIE-0006-A2,-28.600228,-49.425922,2026-08-29T20:00:00Z
CA-SIE-0006-A1,-28.600873,-49.426192,2026-08-29T20:00:00Z
CA-SIE-0006-A3,-28.602856,-49.425929,2026-08-29T20:00:00Z
CA-SIE-0003-A5,-28.598779,-49.42742,2026-08-29T20:00:00Z
CA-SIE-0014-A3,-28.591144,-49.429524,2026-08-29T20:00:00Z
CA-SIE-0017-A6,-28.585775,-49.429633,2026-08-29T20:00:00Z
CA-SIE-0017-A1,-28.589097,-49.429058,2026-08-29T20:00:00Z
CA-SIE-0080,-28.59009,-49.426895,2026-08-29T20:00:00Z
CA-SIE-0110,-28.583008,-49.430768,2026-08-29T20:00:00Z
CA-SIE-0112,-28.580548,-49.430621,2026-08-29T20:00:00Z
CA-SIE-0214,-28.548817,-49.494722,2026-08-29T20:00:00Z
CA-SIE-0129-A6,-28.63075,-49.441324,2026-08-29T20:00:00Z
CA-SIE-0192,-28.624117,-49.435525,2026-08-29T20:00:00Z
CA-SIE-0047-A3,-28.583696,-49.425662,2026-08-29T20:00:00Z
CA-SIE-0176-A1,-28.590509,-49.426878,2026-08-29T20:00:00Z
CA-SIE-0130,-28.590415,-49.462747,2026-08-29T20:00:00Z
CA-SIE-0133,-28.585756,-49.489746,2026-08-29T20:00:00Z
CA-SIE-0128,-28.597425,-49.44743,2026-08-29T20:00:00Z
CA-SIE-0120-A1,-28.586315,-49.488862,2026-08-29T20:00:00Z
CA-SIE-0097-A8,-28.595635,-49.425968,2026-08-29T20:00:00Z
CA-SIE-0063,-28.594305,-49.428867,2026-08-29T20:00:00Z
CA-TREV-0065-A5,-28.522948,-49.521648,2026-08-29T20:00:00Z
CA-TREV-0065-A5,-28.522948,-49.521648,2026-08-29T20:00:00Z
CA-TREV-0136-A7,-28.560764,-49.455469,2026-08-29T20:00:00Z
CA-TREV-0076,-28.561125,-49.4324,2026-08-29T20:00:00Z
CA-TREV-0057-A6,-28.506189,-49.441405,2026-08-29T20:00:00Z
CA-TREV-0126,-28.465575,-49.508065,2026-08-29T20:00:00Z
CA-TREV-0050-A7,-28.504685,-49.456174,2026-08-29T20:00:00Z
CA-TREV-0072-A7,-28.510967,-49.481608,2026-08-29T20:00:00Z
CA-TREV-0004-A3,-28.516086,-49.458914,2026-08-29T20:00:00Z
CA-UUG-0014-B1,-28.523534,-49.318796,2026-08-29T20:00:00Z
CA-UUG-0014-A7,-28.520625,-49.320692,2026-08-29T20:00:00Z
CA-UUG-0038-A8,-28.539606,-49.321229,2026-08-29T20:00:00Z
CA-UUG-0067-A2,-28.519399,-49.318167,2026-08-29T20:00:00Z
CA-UUG-0067-A8,-28.51892,-49.314884,2026-08-29T20:00:00Z
CA-UUG-0042-B2,-28.555756,-49.316711,2026-08-29T20:00:00Z
CA-UUG-0061-A4,-28.514407,-49.313124,2026-08-29T20:00:00Z
CA-UUG-0070-A6,-28.507506,-49.321982,2026-08-29T20:00:00Z
CA-UUG-0044-A5,-28.523956,-49.326864,2026-08-29T20:00:00Z
CA-UUG-0115-A1,-28.541804,-49.290615,2026-08-29T20:00:00Z
CA-UUG-0118-A4,-28.535347,-49.295103,2026-08-29T20:00:00Z
CA-UUG-0118-A3,-28.536369,-49.293916,2026-08-29T20:00:00Z
CA-UUG-0047-A13,-28.535219,-49.341405,2026-08-29T20:00:00Z
CA-UUG-0053-A8,-28.511102,-49.369045,2026-08-29T20:00:00Z
CA-UUG-0120-A8,-28.534059,-49.300353,2026-08-29T20:00:00Z
CA-UUG-0199-A8,-28.496886,-49.414362,2026-08-29T20:00:00Z
CA-UUG-0216-A1,-28.5387792423087,-49.409623230446,2026-08-29T20:00:00Z
CA-UUG-0080-A4,-28.466341,-49.356223,2026-08-29T20:00:00Z
CA-YCA-0081-A5,-28.695643,-49.306824,2026-08-29T20:00:00Z
CA-YCA-0184-A1,-28.683688,-49.307274,2026-08-29T20:00:00Z
CA-YCA-0011-A4,-28.719954,-49.31515,2026-08-29T20:00:00Z
CA-CUA-0133-B5,-28.680898,-49.34645,2026-08-29T20:00:00Z
CA-CUA-1548-A7,-28.686094,-49.333511,2026-08-29T20:00:00Z
CA-CUA-0111-B3,-28.675846,-49.338683,2026-08-29T20:00:00Z
